<?xml version="1.0" encoding="UTF-8"?>
<preferences>
 <debug showDebugMenu="0" />
 <systemtable filter="All Interfaces">
  <columns>
   <connections preferredWidth="143" />
   <irq preferredWidth="34" />
  </columns>
 </systemtable>
 <library
   expandedCategories="Library,Library/Processors and Peripherals,Library/Interface Protocols,Project,Library/Processors and Peripherals/Embedded Processors,Library/Processors and Peripherals/Peripherals" />
 <window width="1936" height="1048" x="-8" y="-8" />
 <generation path="nios_system" />
 <hdlexample language="VERILOG" />
</preferences>
